<?xml version="1.0" encoding="UTF-8"?>
<!DOCTYPE mapper
  PUBLIC "-//mybatis.org//DTD Mapper 3.0//EN"
  "http://mybatis.org/dtd/mybatis-3-mapper.dtd">

<mapper namespace="shopping.mapper.UserMapper">

	<insert id="insertUser" parameterType="shopping.vo.UserVO">
		insert into user(id,pw,email,birth,phone,address,name)
		values (#{id},#{pw},#{email},#{birth},#{phone},#{address},#{name})
	</insert>
	
	<select id="loginUser" parameterType="String" resultType="string">
		select id from user where id=#{id} and pw=#{pw}
	</select>
	
	<select id="idChk" parameterType="String" resultType="string">
		select id from user where id=#{id}
	</select>
	
	<select id="selectUser" resultType="shopping.vo.UserVO">
		select * from user where id=#{id}
	</select>
	
</mapper>