<?xml version="1.0" encoding="UTF-8"?>
<!DOCTYPE mapper
  PUBLIC "-//mybatis.org//DTD Mapper 3.0//EN"
  "http://mybatis.org/dtd/mybatis-3-mapper.dtd">

<mapper namespace="shopping.mapper.BoardMapper">

	<insert id="insertCBoard"
		parameterType="shopping.vo.Customer_BoardVO">
		insert into
		customer(customer_subject,customer_content,customer_date,user_id)
		values(#{customer_subject},#{customer_content},now(),(select user_id
		from user where id=#{id}))
	</insert>
	<select id="selectCBoardList"
		resultType="shopping.vo.Customer_BoardVO">
		select a.customer_id, a.customer_subject, a.customer_content, b.id,
		a.customer_date
		from customer as a
		join user as b
		on a.user_id=b.user_id
		order by a.customer_id desc
	</select>
	<select id="selectBoardDetail"
		resultType="shopping.vo.Customer_BoardVO">
		select a.customer_id, a.customer_subject, a.customer_content, b.id,
		a.customer_date
		from customer as a
		join user as b
		on a.user_id=b.user_id
		where a.customer_id=${no}
	</select>
	<delete id="deleteBoard">
		delete from customer where customer_id=#{no}
	</delete>
	<update id="editBoard"
		parameterType="shopping.vo.Customer_BoardVO">
		update customer set
		customer_content=#{customer_content},customer_subject=#{customer_subject},customer_date=now()
		where customer_id=#{customer_id}
	</update>
	<select id="contentSearch"
		resultType="shopping.vo.Customer_BoardVO">
		select a.customer_id, a.customer_subject, a.customer_content, b.id,
		a.customer_date
		from customer as a
		join user as b
		on a.user_id=b.user_id where a.customer_content like
		CONCAT('%',#{search},'%') order by a.customer_id desc
	</select>
	<select id="nameSearch"
		resultType="shopping.vo.Customer_BoardVO">
		select a.customer_id, a.customer_subject, a.customer_content, b.id,
		a.customer_date
		from customer as a
		join user as b
		on a.user_id=b.user_id
		where b.id like CONCAT('%',#{search},'%') order by a.customer_id desc
	</select>
	<select id="subjectSearch"
		resultType="shopping.vo.Customer_BoardVO">
		select a.customer_id, a.customer_subject,
		a.customer_content, b.id, a.customer_date
		from customer as a
		join user as b
		on a.user_id=b.user_id where a.customer_subject like
		CONCAT('%',#{search},'%') order by a.customer_id desc
	</select>
</mapper>